ProductKey;SalesOrderNumber;UnitPrice;ProductStandardCost;TotalProductCost;SalesAmount;TaxAmt;Freight;OrderDate;DueDate;ShipDate
385;SO46676;1000,4375;605,6492;605,6492;1000,4375;80,035;25,0109;2011-12-29 00:00:00.000;2012-01-10 00:00:00.000;2012-01-05 00:00:00.000
381;SO46684;1000,4375;605,6492;605,6492;1000,4375;80,035;25,0109;2011-12-30 00:00:00.000;2012-01-11 00:00:00.000;2012-01-06 00:00:00.000
381;SO46700;1000,4375;605,6492;605,6492;1000,4375;80,035;25,0109;2012-01-01 00:00:00.000;2012-01-13 00:00:00.000;2012-01-08 00:00:00.000
387;SO46709;1000,4375;605,6492;605,6492;1000,4375;80,035;25,0109;2012-01-02 00:00:00.000;2012-01-14 00:00:00.000;2012-01-09 00:00:00.000
385;SO46722;1000,4375;605,6492;605,6492;1000,4375;80,035;25,0109;2012-01-03 00:00:00.000;2012-01-15 00:00:00.000;2012-01-10 00:00:00.000
385;SO46732;1000,4375;605,6492;605,6492;1000,4375;80,035;25,0109;2012-01-04 00:00:00.000;2012-01-16 00:00:00.000;2012-01-11 00:00:00.000
383;SO46756;1000,4375;605,6492;605,6492;1000,4375;80,035;25,0109;2012-01-07 00:00:00.000;2012-01-19 00:00:00.000;2012-01-14 00:00:00.000
387;SO46758;1000,4375;605,6492;605,6492;1000,4375;80,035;25,0109;2012-01-08 00:00:00.000;2012-01-20 00:00:00.000;2012-01-15 00:00:00.000
387;SO46760;1000,4375;605,6492;605,6492;1000,4375;80,035;25,0109;2012-01-08 00:00:00.000;2012-01-20 00:00:00.000;2012-01-15 00:00:00.000
385;SO46824;1000,4375;605,6492;605,6492;1000,4375;80,035;25,0109;2012-01-15 00:00:00.000;2012-01-27 00:00:00.000;2012-01-22 00:00:00.000
385;SO46828;1000,4375;605,6492;605,6492;1000,4375;80,035;25,0109;2012-01-16 00:00:00.000;2012-01-28 00:00:00.000;2012-01-23 00:00:00.000
381;SO46837;1000,4375;605,6492;605,6492;1000,4375;80,035;25,0109;2012-01-17 00:00:00.000;2012-01-29 00:00:00.000;2012-01-24 00:00:00.000
385;SO46872;1000,4375;605,6492;605,6492;1000,4375;80,035;25,0109;2012-01-21 00:00:00.000;2012-02-02 00:00:00.000;2012-01-28 00:00:00.000
381;SO46874;1000,4375;605,6492;605,6492;1000,4375;80,035;25,0109;2012-01-21 00:00:00.000;2012-02-02 00:00:00.000;2012-01-28 00:00:00.000
383;SO46889;1000,4375;605,6492;605,6492;1000,4375;80,035;25,0109;2012-01-24 00:00:00.000;2012-02-05 00:00:00.000;2012-01-31 00:00:00.000
381;SO46899;1000,4375;605,6492;605,6492;1000,4375;80,035;25,0109;2012-01-25 00:00:00.000;2012-02-06 00:00:00.000;2012-02-01 00:00:00.000
387;SO46904;1000,4375;605,6492;605,6492;1000,4375;80,035;25,0109;2012-01-26 00:00:00.000;2012-02-07 00:00:00.000;2012-02-02 00:00:00.000
383;SO47069;1000,4375;605,6492;605,6492;1000,4375;80,035;25,0109;2012-01-29 00:00:00.000;2012-02-10 00:00:00.000;2012-02-05 00:00:00.000
387;SO47070;1000,4375;605,6492;605,6492;1000,4375;80,035;25,0109;2012-01-29 00:00:00.000;2012-02-10 00:00:00.000;2012-02-05 00:00:00.000
387;SO47116;1000,4375;605,6492;605,6492;1000,4375;80,035;25,0109;2012-02-03 00:00:00.000;2012-02-15 00:00:00.000;2012-02-10 00:00:00.000
381;SO47120;1000,4375;605,6492;605,6492;1000,4375;80,035;25,0109;2012-02-04 00:00:00.000;2012-02-16 00:00:00.000;2012-02-11 00:00:00.000
389;SO47146;1000,4375;605,6492;605,6492;1000,4375;80,035;25,0109;2012-02-07 00:00:00.000;2012-02-19 00:00:00.000;2012-02-14 00:00:00.000
381;SO47177;1000,4375;605,6492;605,6492;1000,4375;80,035;25,0109;2012-02-11 00:00:00.000;2012-02-23 00:00:00.000;2012-02-18 00:00:00.000
383;SO47178;1000,4375;605,6492;605,6492;1000,4375;80,035;25,0109;2012-02-11 00:00:00.000;2012-02-23 00:00:00.000;2012-02-18 00:00:00.000
385;SO47187;1000,4375;605,6492;605,6492;1000,4375;80,035;25,0109;2012-02-12 00:00:00.000;2012-02-24 00:00:00.000;2012-02-19 00:00:00.000
389;SO47188;1000,4375;605,6492;605,6492;1000,4375;80,035;25,0109;2012-02-12 00:00:00.000;2012-02-24 00:00:00.000;2012-02-19 00:00:00.000
389;SO47210;1000,4375;605,6492;605,6492;1000,4375;80,035;25,0109;2012-02-14 00:00:00.000;2012-02-26 00:00:00.000;2012-02-21 00:00:00.000
389;SO47214;1000,4375;605,6492;605,6492;1000,4375;80,035;25,0109;2012-02-15 00:00:00.000;2012-02-27 00:00:00.000;2012-02-22 00:00:00.000
381;SO47222;1000,4375;605,6492;605,6492;1000,4375;80,035;25,0109;2012-02-16 00:00:00.000;2012-02-28 00:00:00.000;2012-02-23 00:00:00.000
389;SO47234;1000,4375;605,6492;605,6492;1000,4375;80,035;25,0109;2012-02-17 00:00:00.000;2012-02-29 00:00:00.000;2012-02-24 00:00:00.000
385;SO47236;1000,4375;605,6492;605,6492;1000,4375;80,035;25,0109;2012-02-17 00:00:00.000;2012-02-29 00:00:00.000;2012-02-24 00:00:00.000
381;SO47240;1000,4375;605,6492;605,6492;1000,4375;80,035;25,0109;2012-02-17 00:00:00.000;2012-02-29 00:00:00.000;2012-02-24 00:00:00.000
385;SO47244;1000,4375;605,6492;605,6492;1000,4375;80,035;25,0109;2012-02-18 00:00:00.000;2012-03-01 00:00:00.000;2012-02-25 00:00:00.000
381;SO47271;1000,4375;605,6492;605,6492;1000,4375;80,035;25,0109;2012-02-21 00:00:00.000;2012-03-04 00:00:00.000;2012-02-28 00:00:00.000
389;SO47281;1000,4375;605,6492;605,6492;1000,4375;80,035;25,0109;2012-02-22 00:00:00.000;2012-03-05 00:00:00.000;2012-02-29 00:00:00.000
381;SO47282;1000,4375;605,6492;605,6492;1000,4375;80,035;25,0109;2012-02-22 00:00:00.000;2012-03-05 00:00:00.000;2012-02-29 00:00:00.000
385;SO47293;1000,4375;605,6492;605,6492;1000,4375;80,035;25,0109;2012-02-23 00:00:00.000;2012-03-06 00:00:00.000;2012-03-01 00:00:00.000
383;SO47294;1000,4375;605,6492;605,6492;1000,4375;80,035;25,0109;2012-02-23 00:00:00.000;2012-03-06 00:00:00.000;2012-03-01 00:00:00.000
387;SO47295;1000,4375;605,6492;605,6492;1000,4375;80,035;25,0109;2012-02-23 00:00:00.000;2012-03-06 00:00:00.000;2012-03-01 00:00:00.000
385;SO47296;1000,4375;605,6492;605,6492;1000,4375;80,035;25,0109;2012-02-23 00:00:00.000;2012-03-06 00:00:00.000;2012-03-01 00:00:00.000
381;SO47466;1000,4375;605,6492;605,6492;1000,4375;80,035;25,0109;2012-03-01 00:00:00.000;2012-03-13 00:00:00.000;2012-03-08 00:00:00.000
383;SO47469;1000,4375;605,6492;605,6492;1000,4375;80,035;25,0109;2012-03-02 00:00:00.000;2012-03-14 00:00:00.000;2012-03-09 00:00:00.000
383;SO47502;1000,4375;605,6492;605,6492;1000,4375;80,035;25,0109;2012-03-08 00:00:00.000;2012-03-20 00:00:00.000;2012-03-15 00:00:00.000
383;SO47503;1000,4375;605,6492;605,6492;1000,4375;80,035;25,0109;2012-03-08 00:00:00.000;2012-03-20 00:00:00.000;2012-03-15 00:00:00.000
389;SO47520;1000,4375;605,6492;605,6492;1000,4375;80,035;25,0109;2012-03-10 00:00:00.000;2012-03-22 00:00:00.000;2012-03-17 00:00:00.000
387;SO47522;1000,4375;605,6492;605,6492;1000,4375;80,035;25,0109;2012-03-10 00:00:00.000;2012-03-22 00:00:00.000;2012-03-17 00:00:00.000
383;SO47532;1000,4375;605,6492;605,6492;1000,4375;80,035;25,0109;2012-03-11 00:00:00.000;2012-03-23 00:00:00.000;2012-03-18 00:00:00.000
385;SO47535;1000,4375;605,6492;605,6492;1000,4375;80,035;25,0109;2012-03-12 00:00:00.000;2012-03-24 00:00:00.000;2012-03-19 00:00:00.000
387;SO47536;1000,4375;605,6492;605,6492;1000,4375;80,035;25,0109;2012-03-12 00:00:00.000;2012-03-24 00:00:00.000;2012-03-19 00:00:00.000
389;SO47566;1000,4375;605,6492;605,6492;1000,4375;80,035;25,0109;2012-03-16 00:00:00.000;2012-03-28 00:00:00.000;2012-03-23 00:00:00.000
389;SO47580;1000,4375;605,6492;605,6492;1000,4375;80,035;25,0109;2012-03-18 00:00:00.000;2012-03-30 00:00:00.000;2012-03-25 00:00:00.000
383;SO47589;1000,4375;605,6492;605,6492;1000,4375;80,035;25,0109;2012-03-19 00:00:00.000;2012-03-31 00:00:00.000;2012-03-26 00:00:00.000
385;SO47592;1000,4375;605,6492;605,6492;1000,4375;80,035;25,0109;2012-03-19 00:00:00.000;2012-03-31 00:00:00.000;2012-03-26 00:00:00.000
389;SO47600;1000,4375;605,6492;605,6492;1000,4375;80,035;25,0109;2012-03-21 00:00:00.000;2012-04-02 00:00:00.000;2012-03-28 00:00:00.000
389;SO47605;1000,4375;605,6492;605,6492;1000,4375;80,035;25,0109;2012-03-22 00:00:00.000;2012-04-03 00:00:00.000;2012-03-29 00:00:00.000
389;SO47607;1000,4375;605,6492;605,6492;1000,4375;80,035;25,0109;2012-03-22 00:00:00.000;2012-04-03 00:00:00.000;2012-03-29 00:00:00.000
387;SO47613;1000,4375;605,6492;605,6492;1000,4375;80,035;25,0109;2012-03-23 00:00:00.000;2012-04-04 00:00:00.000;2012-03-30 00:00:00.000
385;SO47621;1000,4375;605,6492;605,6492;1000,4375;80,035;25,0109;2012-03-24 00:00:00.000;2012-04-05 00:00:00.000;2012-03-31 00:00:00.000
383;SO47642;1000,4375;605,6492;605,6492;1000,4375;80,035;25,0109;2012-03-28 00:00:00.000;2012-04-09 00:00:00.000;2012-04-04 00:00:00.000
389;SO47643;1000,4375;605,6492;605,6492;1000,4375;80,035;25,0109;2012-03-28 00:00:00.000;2012-04-09 00:00:00.000;2012-04-04 00:00:00.000
387;SO47654;1000,4375;605,6492;605,6492;1000,4375;80,035;25,0109;2012-03-29 00:00:00.000;2012-04-10 00:00:00.000;2012-04-05 00:00:00.000
385;SO47655;1000,4375;605,6492;605,6492;1000,4375;80,035;25,0109;2012-03-29 00:00:00.000;2012-04-10 00:00:00.000;2012-04-05 00:00:00.000
389;SO47754;1000,4375;605,6492;605,6492;1000,4375;80,035;25,0109;2012-04-02 00:00:00.000;2012-04-14 00:00:00.000;2012-04-09 00:00:00.000
387;SO47755;1000,4375;605,6492;605,6492;1000,4375;80,035;25,0109;2012-04-02 00:00:00.000;2012-04-14 00:00:00.000;2012-04-09 00:00:00.000
381;SO47767;1000,4375;605,6492;605,6492;1000,4375;80,035;25,0109;2012-04-04 00:00:00.000;2012-04-16 00:00:00.000;2012-04-11 00:00:00.000
381;SO47780;1000,4375;605,6492;605,6492;1000,4375;80,035;25,0109;2012-04-06 00:00:00.000;2012-04-18 00:00:00.000;2012-04-13 00:00:00.000
383;SO47813;1000,4375;605,6492;605,6492;1000,4375;80,035;25,0109;2012-04-11 00:00:00.000;2012-04-23 00:00:00.000;2012-04-18 00:00:00.000
383;SO47830;1000,4375;605,6492;605,6492;1000,4375;80,035;25,0109;2012-04-13 00:00:00.000;2012-04-25 00:00:00.000;2012-04-20 00:00:00.000
383;SO47835;1000,4375;605,6492;605,6492;1000,4375;80,035;25,0109;2012-04-13 00:00:00.000;2012-04-25 00:00:00.000;2012-04-20 00:00:00.000
385;SO47858;1000,4375;605,6492;605,6492;1000,4375;80,035;25,0109;2012-04-17 00:00:00.000;2012-04-29 00:00:00.000;2012-04-24 00:00:00.000
383;SO47870;1000,4375;605,6492;605,6492;1000,4375;80,035;25,0109;2012-04-18 00:00:00.000;2012-04-30 00:00:00.000;2012-04-25 00:00:00.000
383;SO47873;1000,4375;605,6492;605,6492;1000,4375;80,035;25,0109;2012-04-18 00:00:00.000;2012-04-30 00:00:00.000;2012-04-25 00:00:00.000
387;SO47879;1000,4375;605,6492;605,6492;1000,4375;80,035;25,0109;2012-04-19 00:00:00.000;2012-05-01 00:00:00.000;2012-04-26 00:00:00.000
385;SO47885;1000,4375;605,6492;605,6492;1000,4375;80,035;25,0109;2012-04-19 00:00:00.000;2012-05-01 00:00:00.000;2012-04-26 00:00:00.000
389;SO47892;1000,4375;605,6492;605,6492;1000,4375;80,035;25,0109;2012-04-20 00:00:00.000;2012-05-02 00:00:00.000;2012-04-27 00:00:00.000
389;SO47896;1000,4375;605,6492;605,6492;1000,4375;80,035;25,0109;2012-04-21 00:00:00.000;2012-05-03 00:00:00.000;2012-04-28 00:00:00.000
383;SO47916;1000,4375;605,6492;605,6492;1000,4375;80,035;25,0109;2012-04-23 00:00:00.000;2012-05-05 00:00:00.000;2012-04-30 00:00:00.000
381;SO47919;1000,4375;605,6492;605,6492;1000,4375;80,035;25,0109;2012-04-24 00:00:00.000;2012-05-06 00:00:00.000;2012-05-01 00:00:00.000
385;SO47925;1000,4375;605,6492;605,6492;1000,4375;80,035;25,0109;2012-04-24 00:00:00.000;2012-05-06 00:00:00.000;2012-05-01 00:00:00.000
385;SO47934;1000,4375;605,6492;605,6492;1000,4375;80,035;25,0109;2012-04-26 00:00:00.000;2012-05-08 00:00:00.000;2012-05-03 00:00:00.000
385;SO47943;1000,4375;605,6492;605,6492;1000,4375;80,035;25,0109;2012-04-28 00:00:00.000;2012-05-10 00:00:00.000;2012-05-05 00:00:00.000
387;SO47947;1000,4375;605,6492;605,6492;1000,4375;80,035;25,0109;2012-04-28 00:00:00.000;2012-05-10 00:00:00.000;2012-05-05 00:00:00.000
389;SO47957;1000,4375;605,6492;605,6492;1000,4375;80,035;25,0109;2012-04-29 00:00:00.000;2012-05-11 00:00:00.000;2012-05-06 00:00:00.000
389;SO48108;1000,4375;605,6492;605,6492;1000,4375;80,035;25,0109;2012-05-02 00:00:00.000;2012-05-14 00:00:00.000;2012-05-09 00:00:00.000
383;SO48111;1000,4375;605,6492;605,6492;1000,4375;80,035;25,0109;2012-05-04 00:00:00.000;2012-05-16 00:00:00.000;2012-05-11 00:00:00.000
381;SO48116;1000,4375;605,6492;605,6492;1000,4375;80,035;25,0109;2012-05-05 00:00:00.000;2012-05-17 00:00:00.000;2012-05-12 00:00:00.000
389;SO48125;1000,4375;605,6492;605,6492;1000,4375;80,035;25,0109;2012-05-06 00:00:00.000;2012-05-18 00:00:00.000;2012-05-13 00:00:00.000
387;SO48126;1000,4375;605,6492;605,6492;1000,4375;80,035;25,0109;2012-05-06 00:00:00.000;2012-05-18 00:00:00.000;2012-05-13 00:00:00.000
383;SO48135;1000,4375;605,6492;605,6492;1000,4375;80,035;25,0109;2012-05-07 00:00:00.000;2012-05-19 00:00:00.000;2012-05-14 00:00:00.000
389;SO48159;1000,4375;605,6492;605,6492;1000,4375;80,035;25,0109;2012-05-11 00:00:00.000;2012-05-23 00:00:00.000;2012-05-18 00:00:00.000
385;SO48177;1000,4375;605,6492;605,6492;1000,4375;80,035;25,0109;2012-05-15 00:00:00.000;2012-05-27 00:00:00.000;2012-05-22 00:00:00.000
381;SO48184;1000,4375;605,6492;605,6492;1000,4375;80,035;25,0109;2012-05-15 00:00:00.000;2012-05-27 00:00:00.000;2012-05-22 00:00:00.000
389;SO48198;1000,4375;605,6492;605,6492;1000,4375;80,035;25,0109;2012-05-18 00:00:00.000;2012-05-30 00:00:00.000;2012-05-25 00:00:00.000
385;SO48211;1000,4375;605,6492;605,6492;1000,4375;80,035;25,0109;2012-05-20 00:00:00.000;2012-06-01 00:00:00.000;2012-05-27 00:00:00.000
387;SO48215;1000,4375;605,6492;605,6492;1000,4375;80,035;25,0109;2012-05-20 00:00:00.000;2012-06-01 00:00:00.000;2012-05-27 00:00:00.000
381;SO48222;1000,4375;605,6492;605,6492;1000,4375;80,035;25,0109;2012-05-22 00:00:00.000;2012-06-03 00:00:00.000;2012-05-29 00:00:00.000
383;SO48223;1000,4375;605,6492;605,6492;1000,4375;80,035;25,0109;2012-05-22 00:00:00.000;2012-06-03 00:00:00.000;2012-05-29 00:00:00.000
389;SO48251;1000,4375;605,6492;605,6492;1000,4375;80,035;25,0109;2012-05-26 00:00:00.000;2012-06-07 00:00:00.000;2012-06-02 00:00:00.000
383;SO48254;1000,4375;605,6492;605,6492;1000,4375;80,035;25,0109;2012-05-26 00:00:00.000;2012-06-07 00:00:00.000;2012-06-02 00:00:00.000
385;SO48255;1000,4375;605,6492;605,6492;1000,4375;80,035;25,0109;2012-05-26 00:00:00.000;2012-06-07 00:00:00.000;2012-06-02 00:00:00.000
385;SO48256;1000,4375;605,6492;605,6492;1000,4375;80,035;25,0109;2012-05-26 00:00:00.000;2012-06-07 00:00:00.000;2012-06-02 00:00:00.000
385;SO48262;1000,4375;605,6492;605,6492;1000,4375;80,035;25,0109;2012-05-26 00:00:00.000;2012-06-07 00:00:00.000;2012-06-02 00:00:00.000
387;SO48275;1000,4375;605,6492;605,6492;1000,4375;80,035;25,0109;2012-05-28 00:00:00.000;2012-06-09 00:00:00.000;2012-06-04 00:00:00.000
381;SO48279;1000,4375;605,6492;605,6492;1000,4375;80,035;25,0109;2012-05-29 00:00:00.000;2012-06-10 00:00:00.000;2012-06-05 00:00:00.000
383;SO48403;1000,4375;605,6492;605,6492;1000,4375;80,035;25,0109;2012-05-30 00:00:00.000;2012-06-11 00:00:00.000;2012-06-06 00:00:00.000
383;SO48413;1000,4375;605,6492;605,6492;1000,4375;80,035;25,0109;2012-05-31 00:00:00.000;2012-06-12 00:00:00.000;2012-06-07 00:00:00.000
387;SO48421;1000,4375;605,6492;605,6492;1000,4375;80,035;25,0109;2012-06-01 00:00:00.000;2012-06-13 00:00:00.000;2012-06-08 00:00:00.000
383;SO48426;1000,4375;605,6492;605,6492;1000,4375;80,035;25,0109;2012-06-01 00:00:00.000;2012-06-13 00:00:00.000;2012-06-08 00:00:00.000
389;SO48427;1000,4375;605,6492;605,6492;1000,4375;80,035;25,0109;2012-06-01 00:00:00.000;2012-06-13 00:00:00.000;2012-06-08 00:00:00.000
389;SO48436;1000,4375;605,6492;605,6492;1000,4375;80,035;25,0109;2012-06-02 00:00:00.000;2012-06-14 00:00:00.000;2012-06-09 00:00:00.000
389;SO48439;1000,4375;605,6492;605,6492;1000,4375;80,035;25,0109;2012-06-03 00:00:00.000;2012-06-15 00:00:00.000;2012-06-10 00:00:00.000
389;SO48441;1000,4375;605,6492;605,6492;1000,4375;80,035;25,0109;2012-06-03 00:00:00.000;2012-06-15 00:00:00.000;2012-06-10 00:00:00.000
385;SO48453;1000,4375;605,6492;605,6492;1000,4375;80,035;25,0109;2012-06-04 00:00:00.000;2012-06-16 00:00:00.000;2012-06-11 00:00:00.000
389;SO48461;1000,4375;605,6492;605,6492;1000,4375;80,035;25,0109;2012-06-05 00:00:00.000;2012-06-17 00:00:00.000;2012-06-12 00:00:00.000
385;SO48476;1000,4375;605,6492;605,6492;1000,4375;80,035;25,0109;2012-06-06 00:00:00.000;2012-06-18 00:00:00.000;2012-06-13 00:00:00.000
387;SO48482;1000,4375;605,6492;605,6492;1000,4375;80,035;25,0109;2012-06-06 00:00:00.000;2012-06-18 00:00:00.000;2012-06-13 00:00:00.000
381;SO48483;1000,4375;605,6492;605,6492;1000,4375;80,035;25,0109;2012-06-06 00:00:00.000;2012-06-18 00:00:00.000;2012-06-13 00:00:00.000
381;SO48490;1000,4375;605,6492;605,6492;1000,4375;80,035;25,0109;2012-06-07 00:00:00.000;2012-06-19 00:00:00.000;2012-06-14 00:00:00.000
385;SO48494;1000,4375;605,6492;605,6492;1000,4375;80,035;25,0109;2012-06-08 00:00:00.000;2012-06-20 00:00:00.000;2012-06-15 00:00:00.000
387;SO48498;1000,4375;605,6492;605,6492;1000,4375;80,035;25,0109;2012-06-08 00:00:00.000;2012-06-20 00:00:00.000;2012-06-15 00:00:00.000
383;SO48501;1000,4375;605,6492;605,6492;1000,4375;80,035;25,0109;2012-06-08 00:00:00.000;2012-06-20 00:00:00.000;2012-06-15 00:00:00.000
389;SO48507;1000,4375;605,6492;605,6492;1000,4375;80,035;25,0109;2012-06-09 00:00:00.000;2012-06-21 00:00:00.000;2012-06-16 00:00:00.000
381;SO48518;1000,4375;605,6492;605,6492;1000,4375;80,035;25,0109;2012-06-10 00:00:00.000;2012-06-22 00:00:00.000;2012-06-17 00:00:00.000
381;SO48519;1000,4375;605,6492;605,6492;1000,4375;80,035;25,0109;2012-06-10 00:00:00.000;2012-06-22 00:00:00.000;2012-06-17 00:00:00.000
385;SO48525;1000,4375;605,6492;605,6492;1000,4375;80,035;25,0109;2012-06-10 00:00:00.000;2012-06-22 00:00:00.000;2012-06-17 00:00:00.000
387;SO48536;1000,4375;605,6492;605,6492;1000,4375;80,035;25,0109;2012-06-11 00:00:00.000;2012-06-23 00:00:00.000;2012-06-18 00:00:00.000
387;SO48543;1000,4375;605,6492;605,6492;1000,4375;80,035;25,0109;2012-06-11 00:00:00.000;2012-06-23 00:00:00.000;2012-06-18 00:00:00.000
385;SO48547;1000,4375;605,6492;605,6492;1000,4375;80,035;25,0109;2012-06-12 00:00:00.000;2012-06-24 00:00:00.000;2012-06-19 00:00:00.000
381;SO48552;1000,4375;605,6492;605,6492;1000,4375;80,035;25,0109;2012-06-12 00:00:00.000;2012-06-24 00:00:00.000;2012-06-19 00:00:00.000
389;SO48570;1000,4375;605,6492;605,6492;1000,4375;80,035;25,0109;2012-06-14 00:00:00.000;2012-06-26 00:00:00.000;2012-06-21 00:00:00.000
389;SO48585;1000,4375;605,6492;605,6492;1000,4375;80,035;25,0109;2012-06-15 00:00:00.000;2012-06-27 00:00:00.000;2012-06-22 00:00:00.000
387;SO48589;1000,4375;605,6492;605,6492;1000,4375;80,035;25,0109;2012-06-16 00:00:00.000;2012-06-28 00:00:00.000;2012-06-23 00:00:00.000
385;SO48600;1000,4375;605,6492;605,6492;1000,4375;80,035;25,0109;2012-06-17 00:00:00.000;2012-06-29 00:00:00.000;2012-06-24 00:00:00.000
383;SO48615;1000,4375;605,6492;605,6492;1000,4375;80,035;25,0109;2012-06-18 00:00:00.000;2012-06-30 00:00:00.000;2012-06-25 00:00:00.000
389;SO48629;1000,4375;605,6492;605,6492;1000,4375;80,035;25,0109;2012-06-19 00:00:00.000;2012-07-01 00:00:00.000;2012-06-26 00:00:00.000
387;SO48644;1000,4375;605,6492;605,6492;1000,4375;80,035;25,0109;2012-06-21 00:00:00.000;2012-07-03 00:00:00.000;2012-06-28 00:00:00.000
387;SO48645;1000,4375;605,6492;605,6492;1000,4375;80,035;25,0109;2012-06-21 00:00:00.000;2012-07-03 00:00:00.000;2012-06-28 00:00:00.000
385;SO48655;1000,4375;605,6492;605,6492;1000,4375;80,035;25,0109;2012-06-22 00:00:00.000;2012-07-04 00:00:00.000;2012-06-29 00:00:00.000
389;SO48667;1000,4375;605,6492;605,6492;1000,4375;80,035;25,0109;2012-06-23 00:00:00.000;2012-07-05 00:00:00.000;2012-06-30 00:00:00.000
389;SO48668;1000,4375;605,6492;605,6492;1000,4375;80,035;25,0109;2012-06-23 00:00:00.000;2012-07-05 00:00:00.000;2012-06-30 00:00:00.000
385;SO48683;1000,4375;605,6492;605,6492;1000,4375;80,035;25,0109;2012-06-25 00:00:00.000;2012-07-07 00:00:00.000;2012-07-02 00:00:00.000
385;SO48689;1000,4375;605,6492;605,6492;1000,4375;80,035;25,0109;2012-06-25 00:00:00.000;2012-07-07 00:00:00.000;2012-07-02 00:00:00.000
381;SO48692;1000,4375;605,6492;605,6492;1000,4375;80,035;25,0109;2012-06-26 00:00:00.000;2012-07-08 00:00:00.000;2012-07-03 00:00:00.000
387;SO48706;1000,4375;605,6492;605,6492;1000,4375;80,035;25,0109;2012-06-27 00:00:00.000;2012-07-09 00:00:00.000;2012-07-04 00:00:00.000
381;SO48709;1000,4375;605,6492;605,6492;1000,4375;80,035;25,0109;2012-06-27 00:00:00.000;2012-07-09 00:00:00.000;2012-07-04 00:00:00.000
383;SO48726;1000,4375;605,6492;605,6492;1000,4375;80,035;25,0109;2012-06-29 00:00:00.000;2012-07-11 00:00:00.000;2012-07-06 00:00:00.000
385;SO48797;1000,4375;605,6492;605,6492;1000,4375;80,035;25,0109;2012-06-30 00:00:00.000;2012-07-12 00:00:00.000;2012-07-07 00:00:00.000
383;SO48802;1000,4375;605,6492;605,6492;1000,4375;80,035;25,0109;2012-06-30 00:00:00.000;2012-07-12 00:00:00.000;2012-07-07 00:00:00.000
383;SO48803;1000,4375;605,6492;605,6492;1000,4375;80,035;25,0109;2012-07-01 00:00:00.000;2012-07-13 00:00:00.000;2012-07-08 00:00:00.000
381;SO48841;1000,4375;605,6492;605,6492;1000,4375;80,035;25,0109;2012-07-06 00:00:00.000;2012-07-18 00:00:00.000;2012-07-13 00:00:00.000
383;SO48847;1000,4375;605,6492;605,6492;1000,4375;80,035;25,0109;2012-07-06 00:00:00.000;2012-07-18 00:00:00.000;2012-07-13 00:00:00.000
383;SO48848;1000,4375;605,6492;605,6492;1000,4375;80,035;25,0109;2012-07-07 00:00:00.000;2012-07-19 00:00:00.000;2012-07-14 00:00:00.000
381;SO48865;1000,4375;605,6492;605,6492;1000,4375;80,035;25,0109;2012-07-08 00:00:00.000;2012-07-20 00:00:00.000;2012-07-15 00:00:00.000
381;SO48875;1000,4375;605,6492;605,6492;1000,4375;80,035;25,0109;2012-07-09 00:00:00.000;2012-07-21 00:00:00.000;2012-07-16 00:00:00.000
389;SO48884;1000,4375;605,6492;605,6492;1000,4375;80,035;25,0109;2012-07-10 00:00:00.000;2012-07-22 00:00:00.000;2012-07-17 00:00:00.000
389;SO48892;1000,4375;605,6492;605,6492;1000,4375;80,035;25,0109;2012-07-12 00:00:00.000;2012-07-24 00:00:00.000;2012-07-19 00:00:00.000
383;SO48894;1000,4375;605,6492;605,6492;1000,4375;80,035;25,0109;2012-07-12 00:00:00.000;2012-07-24 00:00:00.000;2012-07-19 00:00:00.000
383;SO48895;1000,4375;605,6492;605,6492;1000,4375;80,035;25,0109;2012-07-12 00:00:00.000;2012-07-24 00:00:00.000;2012-07-19 00:00:00.000
383;SO48923;1000,4375;605,6492;605,6492;1000,4375;80,035;25,0109;2012-07-15 00:00:00.000;2012-07-27 00:00:00.000;2012-07-22 00:00:00.000
387;SO48931;1000,4375;605,6492;605,6492;1000,4375;80,035;25,0109;2012-07-16 00:00:00.000;2012-07-28 00:00:00.000;2012-07-23 00:00:00.000
385;SO48932;1000,4375;605,6492;605,6492;1000,4375;80,035;25,0109;2012-07-16 00:00:00.000;2012-07-28 00:00:00.000;2012-07-23 00:00:00.000
383;SO48944;1000,4375;605,6492;605,6492;1000,4375;80,035;25,0109;2012-07-17 00:00:00.000;2012-07-29 00:00:00.000;2012-07-24 00:00:00.000
383;SO48963;1000,4375;605,6492;605,6492;1000,4375;80,035;25,0109;2012-07-20 00:00:00.000;2012-08-01 00:00:00.000;2012-07-27 00:00:00.000
389;SO48965;1000,4375;605,6492;605,6492;1000,4375;80,035;25,0109;2012-07-21 00:00:00.000;2012-08-02 00:00:00.000;2012-07-28 00:00:00.000
387;SO48967;1000,4375;605,6492;605,6492;1000,4375;80,035;25,0109;2012-07-21 00:00:00.000;2012-08-02 00:00:00.000;2012-07-28 00:00:00.000
385;SO48970;1000,4375;605,6492;605,6492;1000,4375;80,035;25,0109;2012-07-21 00:00:00.000;2012-08-02 00:00:00.000;2012-07-28 00:00:00.000
387;SO48975;1000,4375;605,6492;605,6492;1000,4375;80,035;25,0109;2012-07-22 00:00:00.000;2012-08-03 00:00:00.000;2012-07-29 00:00:00.000
387;SO48978;1000,4375;605,6492;605,6492;1000,4375;80,035;25,0109;2012-07-22 00:00:00.000;2012-08-03 00:00:00.000;2012-07-29 00:00:00.000
387;SO48996;1000,4375;605,6492;605,6492;1000,4375;80,035;25,0109;2012-07-24 00:00:00.000;2012-08-05 00:00:00.000;2012-07-31 00:00:00.000
385;SO49020;1000,4375;605,6492;605,6492;1000,4375;80,035;25,0109;2012-07-28 00:00:00.000;2012-08-09 00:00:00.000;2012-08-04 00:00:00.000
383;SO49029;1000,4375;605,6492;605,6492;1000,4375;80,035;25,0109;2012-07-29 00:00:00.000;2012-08-10 00:00:00.000;2012-08-05 00:00:00.000
387;SO49178;1000,4375;605,6492;605,6492;1000,4375;80,035;25,0109;2012-07-31 00:00:00.000;2012-08-12 00:00:00.000;2012-08-07 00:00:00.000
381;SO49179;1000,4375;605,6492;605,6492;1000,4375;80,035;25,0109;2012-07-31 00:00:00.000;2012-08-12 00:00:00.000;2012-08-07 00:00:00.000
383;SO49190;1000,4375;605,6492;605,6492;1000,4375;80,035;25,0109;2012-08-01 00:00:00.000;2012-08-13 00:00:00.000;2012-08-08 00:00:00.000
387;SO49191;1000,4375;605,6492;605,6492;1000,4375;80,035;25,0109;2012-08-02 00:00:00.000;2012-08-14 00:00:00.000;2012-08-09 00:00:00.000
387;SO49192;1000,4375;605,6492;605,6492;1000,4375;80,035;25,0109;2012-08-02 00:00:00.000;2012-08-14 00:00:00.000;2012-08-09 00:00:00.000
387;SO49212;1000,4375;605,6492;605,6492;1000,4375;80,035;25,0109;2012-08-03 00:00:00.000;2012-08-15 00:00:00.000;2012-08-10 00:00:00.000
387;SO49213;1000,4375;605,6492;605,6492;1000,4375;80,035;25,0109;2012-08-03 00:00:00.000;2012-08-15 00:00:00.000;2012-08-10 00:00:00.000
389;SO49236;1000,4375;605,6492;605,6492;1000,4375;80,035;25,0109;2012-08-05 00:00:00.000;2012-08-17 00:00:00.000;2012-08-12 00:00:00.000
385;SO49237;1000,4375;605,6492;605,6492;1000,4375;80,035;25,0109;2012-08-05 00:00:00.000;2012-08-17 00:00:00.000;2012-08-12 00:00:00.000
389;SO49245;1000,4375;605,6492;605,6492;1000,4375;80,035;25,0109;2012-08-06 00:00:00.000;2012-08-18 00:00:00.000;2012-08-13 00:00:00.000
387;SO49248;1000,4375;605,6492;605,6492;1000,4375;80,035;25,0109;2012-08-07 00:00:00.000;2012-08-19 00:00:00.000;2012-08-14 00:00:00.000
385;SO49249;1000,4375;605,6492;605,6492;1000,4375;80,035;25,0109;2012-08-07 00:00:00.000;2012-08-19 00:00:00.000;2012-08-14 00:00:00.000
387;SO49291;1000,4375;605,6492;605,6492;1000,4375;80,035;25,0109;2012-08-12 00:00:00.000;2012-08-24 00:00:00.000;2012-08-19 00:00:00.000
389;SO49292;1000,4375;605,6492;605,6492;1000,4375;80,035;25,0109;2012-08-12 00:00:00.000;2012-08-24 00:00:00.000;2012-08-19 00:00:00.000
383;SO49300;1000,4375;605,6492;605,6492;1000,4375;80,035;25,0109;2012-08-12 00:00:00.000;2012-08-24 00:00:00.000;2012-08-19 00:00:00.000
381;SO49304;1000,4375;605,6492;605,6492;1000,4375;80,035;25,0109;2012-08-13 00:00:00.000;2012-08-25 00:00:00.000;2012-08-20 00:00:00.000
381;SO49309;1000,4375;605,6492;605,6492;1000,4375;80,035;25,0109;2012-08-13 00:00:00.000;2012-08-25 00:00:00.000;2012-08-20 00:00:00.000
381;SO49317;1000,4375;605,6492;605,6492;1000,4375;80,035;25,0109;2012-08-14 00:00:00.000;2012-08-26 00:00:00.000;2012-08-21 00:00:00.000
387;SO49319;1000,4375;605,6492;605,6492;1000,4375;80,035;25,0109;2012-08-14 00:00:00.000;2012-08-26 00:00:00.000;2012-08-21 00:00:00.000
387;SO49329;1000,4375;605,6492;605,6492;1000,4375;80,035;25,0109;2012-08-16 00:00:00.000;2012-08-28 00:00:00.000;2012-08-23 00:00:00.000
381;SO49341;1000,4375;605,6492;605,6492;1000,4375;80,035;25,0109;2012-08-17 00:00:00.000;2012-08-29 00:00:00.000;2012-08-24 00:00:00.000
385;SO49359;1000,4375;605,6492;605,6492;1000,4375;80,035;25,0109;2012-08-18 00:00:00.000;2012-08-30 00:00:00.000;2012-08-25 00:00:00.000
383;SO49373;1000,4375;605,6492;605,6492;1000,4375;80,035;25,0109;2012-08-20 00:00:00.000;2012-09-01 00:00:00.000;2012-08-27 00:00:00.000
383;SO49382;1000,4375;605,6492;605,6492;1000,4375;80,035;25,0109;2012-08-20 00:00:00.000;2012-09-01 00:00:00.000;2012-08-27 00:00:00.000
383;SO49383;1000,4375;605,6492;605,6492;1000,4375;80,035;25,0109;2012-08-20 00:00:00.000;2012-09-01 00:00:00.000;2012-08-27 00:00:00.000
389;SO49407;1000,4375;605,6492;605,6492;1000,4375;80,035;25,0109;2012-08-23 00:00:00.000;2012-09-04 00:00:00.000;2012-08-30 00:00:00.000
389;SO49420;1000,4375;605,6492;605,6492;1000,4375;80,035;25,0109;2012-08-24 00:00:00.000;2012-09-05 00:00:00.000;2012-08-31 00:00:00.000
381;SO49434;1000,4375;605,6492;605,6492;1000,4375;80,035;25,0109;2012-08-26 00:00:00.000;2012-09-07 00:00:00.000;2012-09-02 00:00:00.000
381;SO49549;1000,4375;605,6492;605,6492;1000,4375;80,035;25,0109;2012-08-28 00:00:00.000;2012-09-09 00:00:00.000;2012-09-04 00:00:00.000
387;SO49555;1000,4375;605,6492;605,6492;1000,4375;80,035;25,0109;2012-08-28 00:00:00.000;2012-09-09 00:00:00.000;2012-09-04 00:00:00.000
387;SO49564;1000,4375;605,6492;605,6492;1000,4375;80,035;25,0109;2012-08-29 00:00:00.000;2012-09-10 00:00:00.000;2012-09-05 00:00:00.000
389;SO49578;1000,4375;605,6492;605,6492;1000,4375;80,035;25,0109;2012-08-31 00:00:00.000;2012-09-12 00:00:00.000;2012-09-07 00:00:00.000
383;SO49595;1000,4375;605,6492;605,6492;1000,4375;80,035;25,0109;2012-09-01 00:00:00.000;2012-09-13 00:00:00.000;2012-09-08 00:00:00.000
381;SO49600;1000,4375;605,6492;605,6492;1000,4375;80,035;25,0109;2012-09-02 00:00:00.000;2012-09-14 00:00:00.000;2012-09-09 00:00:00.000
389;SO49601;1000,4375;605,6492;605,6492;1000,4375;80,035;25,0109;2012-09-02 00:00:00.000;2012-09-14 00:00:00.000;2012-09-09 00:00:00.000
381;SO49605;1000,4375;605,6492;605,6492;1000,4375;80,035;25,0109;2012-09-03 00:00:00.000;2012-09-15 00:00:00.000;2012-09-10 00:00:00.000
387;SO49609;1000,4375;605,6492;605,6492;1000,4375;80,035;25,0109;2012-09-03 00:00:00.000;2012-09-15 00:00:00.000;2012-09-10 00:00:00.000
381;SO49624;1000,4375;605,6492;605,6492;1000,4375;80,035;25,0109;2012-09-04 00:00:00.000;2012-09-16 00:00:00.000;2012-09-11 00:00:00.000
381;SO49625;1000,4375;605,6492;605,6492;1000,4375;80,035;25,0109;2012-09-04 00:00:00.000;2012-09-16 00:00:00.000;2012-09-11 00:00:00.000
385;SO49638;1000,4375;605,6492;605,6492;1000,4375;80,035;25,0109;2012-09-07 00:00:00.000;2012-09-19 00:00:00.000;2012-09-14 00:00:00.000
383;SO49648;1000,4375;605,6492;605,6492;1000,4375;80,035;25,0109;2012-09-08 00:00:00.000;2012-09-20 00:00:00.000;2012-09-15 00:00:00.000
381;SO49689;1000,4375;605,6492;605,6492;1000,4375;80,035;25,0109;2012-09-12 00:00:00.000;2012-09-24 00:00:00.000;2012-09-19 00:00:00.000
381;SO49699;1000,4375;605,6492;605,6492;1000,4375;80,035;25,0109;2012-09-13 00:00:00.000;2012-09-25 00:00:00.000;2012-09-20 00:00:00.000
383;SO49706;1000,4375;605,6492;605,6492;1000,4375;80,035;25,0109;2012-09-14 00:00:00.000;2012-09-26 00:00:00.000;2012-09-21 00:00:00.000
387;SO49718;1000,4375;605,6492;605,6492;1000,4375;80,035;25,0109;2012-09-15 00:00:00.000;2012-09-27 00:00:00.000;2012-09-22 00:00:00.000
387;SO49723;1000,4375;605,6492;605,6492;1000,4375;80,035;25,0109;2012-09-15 00:00:00.000;2012-09-27 00:00:00.000;2012-09-22 00:00:00.000
381;SO49726;1000,4375;605,6492;605,6492;1000,4375;80,035;25,0109;2012-09-15 00:00:00.000;2012-09-27 00:00:00.000;2012-09-22 00:00:00.000
387;SO49729;1000,4375;605,6492;605,6492;1000,4375;80,035;25,0109;2012-09-16 00:00:00.000;2012-09-28 00:00:00.000;2012-09-23 00:00:00.000
385;SO49737;1000,4375;605,6492;605,6492;1000,4375;80,035;25,0109;2012-09-16 00:00:00.000;2012-09-28 00:00:00.000;2012-09-23 00:00:00.000
389;SO49741;1000,4375;605,6492;605,6492;1000,4375;80,035;25,0109;2012-09-17 00:00:00.000;2012-09-29 00:00:00.000;2012-09-24 00:00:00.000
389;SO49744;1000,4375;605,6492;605,6492;1000,4375;80,035;25,0109;2012-09-18 00:00:00.000;2012-09-30 00:00:00.000;2012-09-25 00:00:00.000
387;SO49745;1000,4375;605,6492;605,6492;1000,4375;80,035;25,0109;2012-09-18 00:00:00.000;2012-09-30 00:00:00.000;2012-09-25 00:00:00.000
389;SO49748;1000,4375;605,6492;605,6492;1000,4375;80,035;25,0109;2012-09-18 00:00:00.000;2012-09-30 00:00:00.000;2012-09-25 00:00:00.000
389;SO49759;1000,4375;605,6492;605,6492;1000,4375;80,035;25,0109;2012-09-20 00:00:00.000;2012-10-02 00:00:00.000;2012-09-27 00:00:00.000
389;SO49810;1000,4375;605,6492;605,6492;1000,4375;80,035;25,0109;2012-09-26 00:00:00.000;2012-10-08 00:00:00.000;2012-10-03 00:00:00.000
387;SO49816;1000,4375;605,6492;605,6492;1000,4375;80,035;25,0109;2012-09-27 00:00:00.000;2012-10-09 00:00:00.000;2012-10-04 00:00:00.000
385;SO49905;1000,4375;605,6492;605,6492;1000,4375;80,035;25,0109;2012-09-28 00:00:00.000;2012-10-10 00:00:00.000;2012-10-05 00:00:00.000
385;SO49918;1000,4375;605,6492;605,6492;1000,4375;80,035;25,0109;2012-09-29 00:00:00.000;2012-10-11 00:00:00.000;2012-10-06 00:00:00.000
387;SO49920;1000,4375;605,6492;605,6492;1000,4375;80,035;25,0109;2012-09-30 00:00:00.000;2012-10-12 00:00:00.000;2012-10-07 00:00:00.000
387;SO49927;1000,4375;605,6492;605,6492;1000,4375;80,035;25,0109;2012-10-01 00:00:00.000;2012-10-13 00:00:00.000;2012-10-08 00:00:00.000
383;SO49932;1000,4375;605,6492;605,6492;1000,4375;80,035;25,0109;2012-10-01 00:00:00.000;2012-10-13 00:00:00.000;2012-10-08 00:00:00.000
385;SO49938;1000,4375;605,6492;605,6492;1000,4375;80,035;25,0109;2012-10-02 00:00:00.000;2012-10-14 00:00:00.000;2012-10-09 00:00:00.000
385;SO49942;1000,4375;605,6492;605,6492;1000,4375;80,035;25,0109;2012-10-02 00:00:00.000;2012-10-14 00:00:00.000;2012-10-09 00:00:00.000
383;SO49943;1000,4375;605,6492;605,6492;1000,4375;80,035;25,0109;2012-10-02 00:00:00.000;2012-10-14 00:00:00.000;2012-10-09 00:00:00.000
389;SO49945;1000,4375;605,6492;605,6492;1000,4375;80,035;25,0109;2012-10-02 00:00:00.000;2012-10-14 00:00:00.000;2012-10-09 00:00:00.000
385;SO49947;1000,4375;605,6492;605,6492;1000,4375;80,035;25,0109;2012-10-03 00:00:00.000;2012-10-15 00:00:00.000;2012-10-10 00:00:00.000
387;SO49949;1000,4375;605,6492;605,6492;1000,4375;80,035;25,0109;2012-10-03 00:00:00.000;2012-10-15 00:00:00.000;2012-10-10 00:00:00.000
387;SO49956;1000,4375;605,6492;605,6492;1000,4375;80,035;25,0109;2012-10-04 00:00:00.000;2012-10-16 00:00:00.000;2012-10-11 00:00:00.000
387;SO49957;1000,4375;605,6492;605,6492;1000,4375;80,035;25,0109;2012-10-04 00:00:00.000;2012-10-16 00:00:00.000;2012-10-11 00:00:00.000
383;SO49982;1000,4375;605,6492;605,6492;1000,4375;80,035;25,0109;2012-10-06 00:00:00.000;2012-10-18 00:00:00.000;2012-10-13 00:00:00.000
383;SO49984;1000,4375;605,6492;605,6492;1000,4375;80,035;25,0109;2012-10-06 00:00:00.000;2012-10-18 00:00:00.000;2012-10-13 00:00:00.000
385;SO49999;1000,4375;605,6492;605,6492;1000,4375;80,035;25,0109;2012-10-08 00:00:00.000;2012-10-20 00:00:00.000;2012-10-15 00:00:00.000
389;SO50009;1000,4375;605,6492;605,6492;1000,4375;80,035;25,0109;2012-10-09 00:00:00.000;2012-10-21 00:00:00.000;2012-10-16 00:00:00.000
381;SO50015;1000,4375;605,6492;605,6492;1000,4375;80,035;25,0109;2012-10-10 00:00:00.000;2012-10-22 00:00:00.000;2012-10-17 00:00:00.000
387;SO50025;1000,4375;605,6492;605,6492;1000,4375;80,035;25,0109;2012-10-10 00:00:00.000;2012-10-22 00:00:00.000;2012-10-17 00:00:00.000
385;SO50043;1000,4375;605,6492;605,6492;1000,4375;80,035;25,0109;2012-10-12 00:00:00.000;2012-10-24 00:00:00.000;2012-10-19 00:00:00.000
389;SO50048;1000,4375;605,6492;605,6492;1000,4375;80,035;25,0109;2012-10-13 00:00:00.000;2012-10-25 00:00:00.000;2012-10-20 00:00:00.000
383;SO50055;1000,4375;605,6492;605,6492;1000,4375;80,035;25,0109;2012-10-14 00:00:00.000;2012-10-26 00:00:00.000;2012-10-21 00:00:00.000
381;SO50058;1000,4375;605,6492;605,6492;1000,4375;80,035;25,0109;2012-10-14 00:00:00.000;2012-10-26 00:00:00.000;2012-10-21 00:00:00.000
385;SO50059;1000,4375;605,6492;605,6492;1000,4375;80,035;25,0109;2012-10-14 00:00:00.000;2012-10-26 00:00:00.000;2012-10-21 00:00:00.000
389;SO50089;1000,4375;605,6492;605,6492;1000,4375;80,035;25,0109;2012-10-17 00:00:00.000;2012-10-29 00:00:00.000;2012-10-24 00:00:00.000
385;SO50100;1000,4375;605,6492;605,6492;1000,4375;80,035;25,0109;2012-10-18 00:00:00.000;2012-10-30 00:00:00.000;2012-10-25 00:00:00.000
385;SO50104;1000,4375;605,6492;605,6492;1000,4375;80,035;25,0109;2012-10-19 00:00:00.000;2012-10-31 00:00:00.000;2012-10-26 00:00:00.000
389;SO50105;1000,4375;605,6492;605,6492;1000,4375;80,035;25,0109;2012-10-19 00:00:00.000;2012-10-31 00:00:00.000;2012-10-26 00:00:00.000
383;SO50130;1000,4375;605,6492;605,6492;1000,4375;80,035;25,0109;2012-10-22 00:00:00.000;2012-11-03 00:00:00.000;2012-10-29 00:00:00.000
389;SO50138;1000,4375;605,6492;605,6492;1000,4375;80,035;25,0109;2012-10-22 00:00:00.000;2012-11-03 00:00:00.000;2012-10-29 00:00:00.000
389;SO50144;1000,4375;605,6492;605,6492;1000,4375;80,035;25,0109;2012-10-23 00:00:00.000;2012-11-04 00:00:00.000;2012-10-30 00:00:00.000
387;SO50145;1000,4375;605,6492;605,6492;1000,4375;80,035;25,0109;2012-10-23 00:00:00.000;2012-11-04 00:00:00.000;2012-10-30 00:00:00.000
385;SO50166;1000,4375;605,6492;605,6492;1000,4375;80,035;25,0109;2012-10-25 00:00:00.000;2012-11-06 00:00:00.000;2012-11-01 00:00:00.000
383;SO50172;1000,4375;605,6492;605,6492;1000,4375;80,035;25,0109;2012-10-26 00:00:00.000;2012-11-07 00:00:00.000;2012-11-02 00:00:00.000
385;SO50173;1000,4375;605,6492;605,6492;1000,4375;80,035;25,0109;2012-10-26 00:00:00.000;2012-11-07 00:00:00.000;2012-11-02 00:00:00.000
385;SO50181;1000,4375;605,6492;605,6492;1000,4375;80,035;25,0109;2012-10-27 00:00:00.000;2012-11-08 00:00:00.000;2012-11-03 00:00:00.000
385;SO50186;1000,4375;605,6492;605,6492;1000,4375;80,035;25,0109;2012-10-27 00:00:00.000;2012-11-08 00:00:00.000;2012-11-03 00:00:00.000
385;SO50332;1000,4375;605,6492;605,6492;1000,4375;80,035;25,0109;2012-10-28 00:00:00.000;2012-11-09 00:00:00.000;2012-11-04 00:00:00.000
381;SO50348;1000,4375;605,6492;605,6492;1000,4375;80,035;25,0109;2012-10-30 00:00:00.000;2012-11-11 00:00:00.000;2012-11-06 00:00:00.000
381;SO50349;1000,4375;605,6492;605,6492;1000,4375;80,035;25,0109;2012-10-30 00:00:00.000;2012-11-11 00:00:00.000;2012-11-06 00:00:00.000
385;SO50353;1000,4375;605,6492;605,6492;1000,4375;80,035;25,0109;2012-10-30 00:00:00.000;2012-11-11 00:00:00.000;2012-11-06 00:00:00.000
381;SO50354;1000,4375;605,6492;605,6492;1000,4375;80,035;25,0109;2012-10-30 00:00:00.000;2012-11-11 00:00:00.000;2012-11-06 00:00:00.000
387;SO50361;1000,4375;605,6492;605,6492;1000,4375;80,035;25,0109;2012-10-30 00:00:00.000;2012-11-11 00:00:00.000;2012-11-06 00:00:00.000
381;SO50367;1000,4375;605,6492;605,6492;1000,4375;80,035;25,0109;2012-10-31 00:00:00.000;2012-11-12 00:00:00.000;2012-11-07 00:00:00.000
383;SO50374;1000,4375;605,6492;605,6492;1000,4375;80,035;25,0109;2012-11-01 00:00:00.000;2012-11-13 00:00:00.000;2012-11-08 00:00:00.000
381;SO50375;1000,4375;605,6492;605,6492;1000,4375;80,035;25,0109;2012-11-01 00:00:00.000;2012-11-13 00:00:00.000;2012-11-08 00:00:00.000
385;SO50376;1000,4375;605,6492;605,6492;1000,4375;80,035;25,0109;2012-11-01 00:00:00.000;2012-11-13 00:00:00.000;2012-11-08 00:00:00.000
383;SO50395;1000,4375;605,6492;605,6492;1000,4375;80,035;25,0109;2012-11-02 00:00:00.000;2012-11-14 00:00:00.000;2012-11-09 00:00:00.000
387;SO50405;1000,4375;605,6492;605,6492;1000,4375;80,035;25,0109;2012-11-03 00:00:00.000;2012-11-15 00:00:00.000;2012-11-10 00:00:00.000
387;SO50414;1000,4375;605,6492;605,6492;1000,4375;80,035;25,0109;2012-11-04 00:00:00.000;2012-11-16 00:00:00.000;2012-11-11 00:00:00.000
387;SO50419;1000,4375;605,6492;605,6492;1000,4375;80,035;25,0109;2012-11-04 00:00:00.000;2012-11-16 00:00:00.000;2012-11-11 00:00:00.000
387;SO50420;1000,4375;605,6492;605,6492;1000,4375;80,035;25,0109;2012-11-04 00:00:00.000;2012-11-16 00:00:00.000;2012-11-11 00:00:00.000
381;SO50428;1000,4375;605,6492;605,6492;1000,4375;80,035;25,0109;2012-11-05 00:00:00.000;2012-11-17 00:00:00.000;2012-11-12 00:00:00.000
387;SO50429;1000,4375;605,6492;605,6492;1000,4375;80,035;25,0109;2012-11-05 00:00:00.000;2012-11-17 00:00:00.000;2012-11-12 00:00:00.000
387;SO50430;1000,4375;605,6492;605,6492;1000,4375;80,035;25,0109;2012-11-05 00:00:00.000;2012-11-17 00:00:00.000;2012-11-12 00:00:00.000
385;SO50436;1000,4375;605,6492;605,6492;1000,4375;80,035;25,0109;2012-11-06 00:00:00.000;2012-11-18 00:00:00.000;2012-11-13 00:00:00.000
381;SO50440;1000,4375;605,6492;605,6492;1000,4375;80,035;25,0109;2012-11-07 00:00:00.000;2012-11-19 00:00:00.000;2012-11-14 00:00:00.000
389;SO50444;1000,4375;605,6492;605,6492;1000,4375;80,035;25,0109;2012-11-07 00:00:00.000;2012-11-19 00:00:00.000;2012-11-14 00:00:00.000
387;SO50445;1000,4375;605,6492;605,6492;1000,4375;80,035;25,0109;2012-11-07 00:00:00.000;2012-11-19 00:00:00.000;2012-11-14 00:00:00.000
387;SO50446;1000,4375;605,6492;605,6492;1000,4375;80,035;25,0109;2012-11-07 00:00:00.000;2012-11-19 00:00:00.000;2012-11-14 00:00:00.000
381;SO50453;1000,4375;605,6492;605,6492;1000,4375;80,035;25,0109;2012-11-08 00:00:00.000;2012-11-20 00:00:00.000;2012-11-15 00:00:00.000
389;SO50454;1000,4375;605,6492;605,6492;1000,4375;80,035;25,0109;2012-11-08 00:00:00.000;2012-11-20 00:00:00.000;2012-11-15 00:00:00.000
381;SO50464;1000,4375;605,6492;605,6492;1000,4375;80,035;25,0109;2012-11-09 00:00:00.000;2012-11-21 00:00:00.000;2012-11-16 00:00:00.000
381;SO50465;1000,4375;605,6492;605,6492;1000,4375;80,035;25,0109;2012-11-09 00:00:00.000;2012-11-21 00:00:00.000;2012-11-16 00:00:00.000
381;SO50473;1000,4375;605,6492;605,6492;1000,4375;80,035;25,0109;2012-11-10 00:00:00.000;2012-11-22 00:00:00.000;2012-11-17 00:00:00.000
381;SO50475;1000,4375;605,6492;605,6492;1000,4375;80,035;25,0109;2012-11-10 00:00:00.000;2012-11-22 00:00:00.000;2012-11-17 00:00:00.000
385;SO50479;1000,4375;605,6492;605,6492;1000,4375;80,035;25,0109;2012-11-10 00:00:00.000;2012-11-22 00:00:00.000;2012-11-17 00:00:00.000
383;SO50480;1000,4375;605,6492;605,6492;1000,4375;80,035;25,0109;2012-11-10 00:00:00.000;2012-11-22 00:00:00.000;2012-11-17 00:00:00.000
381;SO50486;1000,4375;605,6492;605,6492;1000,4375;80,035;25,0109;2012-11-11 00:00:00.000;2012-11-23 00:00:00.000;2012-11-18 00:00:00.000
383;SO50487;1000,4375;605,6492;605,6492;1000,4375;80,035;25,0109;2012-11-11 00:00:00.000;2012-11-23 00:00:00.000;2012-11-18 00:00:00.000
389;SO50488;1000,4375;605,6492;605,6492;1000,4375;80,035;25,0109;2012-11-11 00:00:00.000;2012-11-23 00:00:00.000;2012-11-18 00:00:00.000
381;SO50496;1000,4375;605,6492;605,6492;1000,4375;80,035;25,0109;2012-11-12 00:00:00.000;2012-11-24 00:00:00.000;2012-11-19 00:00:00.000
389;SO50497;1000,4375;605,6492;605,6492;1000,4375;80,035;25,0109;2012-11-12 00:00:00.000;2012-11-24 00:00:00.000;2012-11-19 00:00:00.000
389;SO50498;1000,4375;605,6492;605,6492;1000,4375;80,035;25,0109;2012-11-12 00:00:00.000;2012-11-24 00:00:00.000;2012-11-19 00:00:00.000
389;SO50503;1000,4375;605,6492;605,6492;1000,4375;80,035;25,0109;2012-11-13 00:00:00.000;2012-11-25 00:00:00.000;2012-11-20 00:00:00.000
389;SO50522;1000,4375;605,6492;605,6492;1000,4375;80,035;25,0109;2012-11-16 00:00:00.000;2012-11-28 00:00:00.000;2012-11-23 00:00:00.000
387;SO50525;1000,4375;605,6492;605,6492;1000,4375;80,035;25,0109;2012-11-16 00:00:00.000;2012-11-28 00:00:00.000;2012-11-23 00:00:00.000
387;SO50530;1000,4375;605,6492;605,6492;1000,4375;80,035;25,0109;2012-11-17 00:00:00.000;2012-11-29 00:00:00.000;2012-11-24 00:00:00.000
389;SO50540;1000,4375;605,6492;605,6492;1000,4375;80,035;25,0109;2012-11-18 00:00:00.000;2012-11-30 00:00:00.000;2012-11-25 00:00:00.000
385;SO50542;1000,4375;605,6492;605,6492;1000,4375;80,035;25,0109;2012-11-18 00:00:00.000;2012-11-30 00:00:00.000;2012-11-25 00:00:00.000
381;SO50543;1000,4375;605,6492;605,6492;1000,4375;80,035;25,0109;2012-11-18 00:00:00.000;2012-11-30 00:00:00.000;2012-11-25 00:00:00.000
387;SO50553;1000,4375;605,6492;605,6492;1000,4375;80,035;25,0109;2012-11-19 00:00:00.000;2012-12-01 00:00:00.000;2012-11-26 00:00:00.000
387;SO50579;1000,4375;605,6492;605,6492;1000,4375;80,035;25,0109;2012-11-21 00:00:00.000;2012-12-03 00:00:00.000;2012-11-28 00:00:00.000
389;SO50582;1000,4375;605,6492;605,6492;1000,4375;80,035;25,0109;2012-11-21 00:00:00.000;2012-12-03 00:00:00.000;2012-11-28 00:00:00.000
383;SO50630;1000,4375;605,6492;605,6492;1000,4375;80,035;25,0109;2012-11-26 00:00:00.000;2012-12-08 00:00:00.000;2012-12-03 00:00:00.000
383;SO50631;1000,4375;605,6492;605,6492;1000,4375;80,035;25,0109;2012-11-26 00:00:00.000;2012-12-08 00:00:00.000;2012-12-03 00:00:00.000
387;SO50633;1000,4375;605,6492;605,6492;1000,4375;80,035;25,0109;2012-11-26 00:00:00.000;2012-12-08 00:00:00.000;2012-12-03 00:00:00.000
387;SO50645;1000,4375;605,6492;605,6492;1000,4375;80,035;25,0109;2012-11-27 00:00:00.000;2012-12-09 00:00:00.000;2012-12-04 00:00:00.000
383;SO50646;1000,4375;605,6492;605,6492;1000,4375;80,035;25,0109;2012-11-27 00:00:00.000;2012-12-09 00:00:00.000;2012-12-04 00:00:00.000
389;SO50654;1000,4375;605,6492;605,6492;1000,4375;80,035;25,0109;2012-11-27 00:00:00.000;2012-12-09 00:00:00.000;2012-12-04 00:00:00.000
387;SO50761;1000,4375;605,6492;605,6492;1000,4375;80,035;25,0109;2012-11-28 00:00:00.000;2012-12-10 00:00:00.000;2012-12-05 00:00:00.000
389;SO50767;1000,4375;605,6492;605,6492;1000,4375;80,035;25,0109;2012-11-28 00:00:00.000;2012-12-10 00:00:00.000;2012-12-05 00:00:00.000
381;SO50776;1000,4375;605,6492;605,6492;1000,4375;80,035;25,0109;2012-11-29 00:00:00.000;2012-12-11 00:00:00.000;2012-12-06 00:00:00.000
383;SO50784;1000,4375;605,6492;605,6492;1000,4375;80,035;25,0109;2012-11-29 00:00:00.000;2012-12-11 00:00:00.000;2012-12-06 00:00:00.000
383;SO50793;1000,4375;605,6492;605,6492;1000,4375;80,035;25,0109;2012-11-30 00:00:00.000;2012-12-12 00:00:00.000;2012-12-07 00:00:00.000
387;SO50798;1000,4375;605,6492;605,6492;1000,4375;80,035;25,0109;2012-12-01 00:00:00.000;2012-12-13 00:00:00.000;2012-12-08 00:00:00.000
385;SO50802;1000,4375;605,6492;605,6492;1000,4375;80,035;25,0109;2012-12-01 00:00:00.000;2012-12-13 00:00:00.000;2012-12-08 00:00:00.000
385;SO50805;1000,4375;605,6492;605,6492;1000,4375;80,035;25,0109;2012-12-01 00:00:00.000;2012-12-13 00:00:00.000;2012-12-08 00:00:00.000
387;SO50809;1000,4375;605,6492;605,6492;1000,4375;80,035;25,0109;2012-12-02 00:00:00.000;2012-12-14 00:00:00.000;2012-12-09 00:00:00.000
387;SO50816;1000,4375;605,6492;605,6492;1000,4375;80,035;25,0109;2012-12-03 00:00:00.000;2012-12-15 00:00:00.000;2012-12-10 00:00:00.000
389;SO50827;1000,4375;605,6492;605,6492;1000,4375;80,035;25,0109;2012-12-04 00:00:00.000;2012-12-16 00:00:00.000;2012-12-11 00:00:00.000
381;SO50832;1000,4375;605,6492;605,6492;1000,4375;80,035;25,0109;2012-12-04 00:00:00.000;2012-12-16 00:00:00.000;2012-12-11 00:00:00.000
389;SO50839;1000,4375;605,6492;605,6492;1000,4375;80,035;25,0109;2012-12-05 00:00:00.000;2012-12-17 00:00:00.000;2012-12-12 00:00:00.000
381;SO50856;1000,4375;605,6492;605,6492;1000,4375;80,035;25,0109;2012-12-06 00:00:00.000;2012-12-18 00:00:00.000;2012-12-13 00:00:00.000
383;SO50868;1000,4375;605,6492;605,6492;1000,4375;80,035;25,0109;2012-12-07 00:00:00.000;2012-12-19 00:00:00.000;2012-12-14 00:00:00.000
381;SO50869;1000,4375;605,6492;605,6492;1000,4375;80,035;25,0109;2012-12-07 00:00:00.000;2012-12-19 00:00:00.000;2012-12-14 00:00:00.000
381;SO50888;1000,4375;605,6492;605,6492;1000,4375;80,035;25,0109;2012-12-09 00:00:00.000;2012-12-21 00:00:00.000;2012-12-16 00:00:00.000
385;SO50900;1000,4375;605,6492;605,6492;1000,4375;80,035;25,0109;2012-12-10 00:00:00.000;2012-12-22 00:00:00.000;2012-12-17 00:00:00.000
385;SO50907;1000,4375;605,6492;605,6492;1000,4375;80,035;25,0109;2012-12-11 00:00:00.000;2012-12-23 00:00:00.000;2012-12-18 00:00:00.000
381;SO50912;1000,4375;605,6492;605,6492;1000,4375;80,035;25,0109;2012-12-11 00:00:00.000;2012-12-23 00:00:00.000;2012-12-18 00:00:00.000
389;SO50929;1000,4375;605,6492;605,6492;1000,4375;80,035;25,0109;2012-12-12 00:00:00.000;2012-12-24 00:00:00.000;2012-12-19 00:00:00.000
381;SO50930;1000,4375;605,6492;605,6492;1000,4375;80,035;25,0109;2012-12-13 00:00:00.000;2012-12-25 00:00:00.000;2012-12-20 00:00:00.000
383;SO50932;1000,4375;605,6492;605,6492;1000,4375;80,035;25,0109;2012-12-13 00:00:00.000;2012-12-25 00:00:00.000;2012-12-20 00:00:00.000
389;SO50939;1000,4375;605,6492;605,6492;1000,4375;80,035;25,0109;2012-12-14 00:00:00.000;2012-12-26 00:00:00.000;2012-12-21 00:00:00.000
383;SO50946;1000,4375;605,6492;605,6492;1000,4375;80,035;25,0109;2012-12-14 00:00:00.000;2012-12-26 00:00:00.000;2012-12-21 00:00:00.000
387;SO50953;1000,4375;605,6492;605,6492;1000,4375;80,035;25,0109;2012-12-15 00:00:00.000;2012-12-27 00:00:00.000;2012-12-22 00:00:00.000
383;SO50957;1000,4375;605,6492;605,6492;1000,4375;80,035;25,0109;2012-12-16 00:00:00.000;2012-12-28 00:00:00.000;2012-12-23 00:00:00.000
381;SO50972;1000,4375;605,6492;605,6492;1000,4375;80,035;25,0109;2012-12-17 00:00:00.000;2012-12-29 00:00:00.000;2012-12-24 00:00:00.000
381;SO50974;1000,4375;605,6492;605,6492;1000,4375;80,035;25,0109;2012-12-17 00:00:00.000;2012-12-29 00:00:00.000;2012-12-24 00:00:00.000
381;SO50985;1000,4375;605,6492;605,6492;1000,4375;80,035;25,0109;2012-12-18 00:00:00.000;2012-12-30 00:00:00.000;2012-12-25 00:00:00.000
383;SO50986;1000,4375;605,6492;605,6492;1000,4375;80,035;25,0109;2012-12-18 00:00:00.000;2012-12-30 00:00:00.000;2012-12-25 00:00:00.000
387;SO50987;1000,4375;605,6492;605,6492;1000,4375;80,035;25,0109;2012-12-18 00:00:00.000;2012-12-30 00:00:00.000;2012-12-25 00:00:00.000
381;SO50998;1000,4375;605,6492;605,6492;1000,4375;80,035;25,0109;2012-12-19 00:00:00.000;2012-12-31 00:00:00.000;2012-12-26 00:00:00.000
389;SO51006;1000,4375;605,6492;605,6492;1000,4375;80,035;25,0109;2012-12-20 00:00:00.000;2013-01-01 00:00:00.000;2012-12-27 00:00:00.000
387;SO51007;1000,4375;605,6492;605,6492;1000,4375;80,035;25,0109;2012-12-20 00:00:00.000;2013-01-01 00:00:00.000;2012-12-27 00:00:00.000
385;SO51015;1000,4375;605,6492;605,6492;1000,4375;80,035;25,0109;2012-12-21 00:00:00.000;2013-01-02 00:00:00.000;2012-12-28 00:00:00.000
381;SO51025;1000,4375;605,6492;605,6492;1000,4375;80,035;25,0109;2012-12-22 00:00:00.000;2013-01-03 00:00:00.000;2012-12-29 00:00:00.000
389;SO51026;1000,4375;605,6492;605,6492;1000,4375;80,035;25,0109;2012-12-22 00:00:00.000;2013-01-03 00:00:00.000;2012-12-29 00:00:00.000
383;SO51036;1000,4375;605,6492;605,6492;1000,4375;80,035;25,0109;2012-12-23 00:00:00.000;2013-01-04 00:00:00.000;2012-12-30 00:00:00.000
385;SO51058;1000,4375;605,6492;605,6492;1000,4375;80,035;25,0109;2012-12-25 00:00:00.000;2013-01-06 00:00:00.000;2013-01-01 00:00:00.000
